class,class_index,snr_db,full,causal,local
8PSK,0,-6.0,0.32974469661712646,0.3338444232940674,0.3364110589027405
8PSK,0,-4.0,0.33310526609420776,0.33150672912597656,0.3353879153728485
8PSK,0,-2.0,0.3374377191066742,0.3325311541557312,0.33003130555152893
8PSK,0,0.0,0.34412211179733276,0.3352258801460266,0.32065191864967346
8PSK,0,2.0,0.34820860624313354,0.33782586455345154,0.313965767621994
8PSK,0,4.0,0.35104620456695557,0.33787792921066284,0.311075896024704
8PSK,0,6.0,0.3489859402179718,0.3385882079601288,0.31242579221725464
8PSK,0,8.0,0.34724143147468567,0.3387341797351837,0.31402426958084106
8PSK,0,10.0,0.3464798331260681,0.3386021554470062,0.3149178922176361
8PSK,0,12.0,0.34674981236457825,0.3384762108325958,0.3147740066051483
8PSK,0,14.0,0.34864121675491333,0.33781102299690247,0.3135477900505066
8PSK,0,16.0,0.3471585214138031,0.3381246328353882,0.31471672654151917
8PSK,0,18.0,0.34791988134384155,0.338041752576828,0.31403809785842896
AM-DSB,1,-6.0,0.3404950201511383,0.3236221373081207,0.3358827531337738
AM-DSB,1,-4.0,0.33420440554618835,0.32456767559051514,0.3412279486656189
AM-DSB,1,-2.0,0.3343782424926758,0.3247166574001312,0.340905100107193
AM-DSB,1,0.0,0.33736133575439453,0.3244458734989166,0.33819282054901123
AM-DSB,1,2.0,0.33566370606422424,0.32519814372062683,0.3391381800174713
AM-DSB,1,4.0,0.3346540033817291,0.3259080946445465,0.3394380807876587
AM-DSB,1,6.0,0.33285704255104065,0.32642823457717896,0.3407144546508789
AM-DSB,1,8.0,0.3331868648529053,0.3268578052520752,0.3399553596973419
AM-DSB,1,10.0,0.3332338333129883,0.3272259831428528,0.3395402431488037
AM-DSB,1,12.0,0.33421650528907776,0.3273569345474243,0.3384261429309845
AM-DSB,1,14.0,0.3355666995048523,0.3274727761745453,0.33696067333221436
AM-DSB,1,16.0,0.3365147113800049,0.3274996876716614,0.33598604798316956
AM-DSB,1,18.0,0.33730751276016235,0.327487975358963,0.33520495891571045
AM-SSB,2,-6.0,0.3372245132923126,0.3357807993888855,0.3269946575164795
AM-SSB,2,-4.0,0.3373999297618866,0.33579421043395996,0.32680583000183105
AM-SSB,2,-2.0,0.3364066779613495,0.3358334004878998,0.32775992155075073
AM-SSB,2,0.0,0.3351365327835083,0.3363170325756073,0.328546404838562
AM-SSB,2,2.0,0.33700060844421387,0.3357875943183899,0.32721173763275146
AM-SSB,2,4.0,0.33739662170410156,0.3357454240322113,0.3268579840660095
AM-SSB,2,6.0,0.33711880445480347,0.33598312735557556,0.32689812779426575
AM-SSB,2,8.0,0.3356865346431732,0.3361900746822357,0.32812345027923584
AM-SSB,2,10.0,0.337432324886322,0.3357137441635132,0.3268539309501648
AM-SSB,2,12.0,0.3359963893890381,0.33593493700027466,0.3280686140060425
AM-SSB,2,14.0,0.3369174897670746,0.3360109031200409,0.32707175612449646
AM-SSB,2,16.0,0.3349422514438629,0.3363369405269623,0.32872065901756287
AM-SSB,2,18.0,0.33633339405059814,0.3360501229763031,0.3276165723800659
BPSK,3,-6.0,0.33331477642059326,0.33132365345954895,0.3353615999221802
BPSK,3,-4.0,0.33322539925575256,0.3279840052127838,0.33879074454307556
BPSK,3,-2.0,0.33478018641471863,0.32816508412361145,0.3370548486709595
BPSK,3,0.0,0.34038180112838745,0.32865986227989197,0.33095845580101013
BPSK,3,2.0,0.3404061496257782,0.3296172022819519,0.3299766480922699
BPSK,3,4.0,0.3392426371574402,0.3306026756763458,0.3301551342010498
BPSK,3,6.0,0.3393861651420593,0.33073753118515015,0.3298763632774353
BPSK,3,8.0,0.34110671281814575,0.330438494682312,0.3284545838832855
BPSK,3,10.0,0.3420558273792267,0.3301849365234375,0.3277592360973358
BPSK,3,12.0,0.3441598415374756,0.3297466039657593,0.32609379291534424
BPSK,3,14.0,0.3441624343395233,0.3298759162425995,0.32596147060394287
BPSK,3,16.0,0.34421733021736145,0.3298417329788208,0.32594096660614014
BPSK,3,18.0,0.34373530745506287,0.3298030495643616,0.32646143436431885
CPFSK,4,-6.0,0.3263483941555023,0.3344786763191223,0.33917301893234253
CPFSK,4,-4.0,0.32209473848342896,0.3357061445713043,0.34219929575920105
CPFSK,4,-2.0,0.3271021246910095,0.3361090123653412,0.33678871393203735
CPFSK,4,0.0,0.33306941390037537,0.33636897802352905,0.3305618166923523
CPFSK,4,2.0,0.331844300031662,0.33823710680007935,0.32991868257522583
CPFSK,4,4.0,0.3311881721019745,0.3384963870048523,0.3303154706954956
CPFSK,4,6.0,0.3308921158313751,0.3384144604206085,0.33069348335266113
CPFSK,4,8.0,0.33066853880882263,0.33795279264450073,0.331378698348999
CPFSK,4,10.0,0.33189547061920166,0.33734822273254395,0.33075636625289917
CPFSK,4,12.0,0.33246296644210815,0.3372460603713989,0.3302910327911377
CPFSK,4,14.0,0.33401963114738464,0.33663949370384216,0.3293409049510956
CPFSK,4,16.0,0.33481302857398987,0.3365876376628876,0.32859936356544495
CPFSK,4,18.0,0.3352818191051483,0.3364088535308838,0.3283093273639679
GFSK,5,-6.0,0.3292846977710724,0.33232584595680237,0.33838942646980286
GFSK,5,-4.0,0.3151252567768097,0.33550959825515747,0.349365234375
GFSK,5,-2.0,0.31116166710853577,0.33703941106796265,0.3517988920211792
GFSK,5,0.0,0.3145108222961426,0.3372323215007782,0.34825676679611206
GFSK,5,2.0,0.32174980640411377,0.3365251123905182,0.34172505140304565
GFSK,5,4.0,0.32372546195983887,0.33646705746650696,0.3398074805736542
GFSK,5,6.0,0.3228134214878082,0.3369166851043701,0.34026968479156494
GFSK,5,8.0,0.3223588466644287,0.3368058502674103,0.340835303068161
GFSK,5,10.0,0.32188212871551514,0.33673492074012756,0.34138286113739014
GFSK,5,12.0,0.32100746035575867,0.33700260519981384,0.3419898748397827
GFSK,5,14.0,0.32102784514427185,0.3371872305870056,0.34178483486175537
GFSK,5,16.0,0.3215678930282593,0.3368869423866272,0.34154513478279114
GFSK,5,18.0,0.3216306269168854,0.3368915915489197,0.3414776921272278
PAM4,6,-6.0,0.3247118890285492,0.3303305506706238,0.34495753049850464
PAM4,6,-4.0,0.3219505548477173,0.3327733874320984,0.3452761769294739
PAM4,6,-2.0,0.3207418918609619,0.3336530923843384,0.34560492634773254
PAM4,6,0.0,0.32582131028175354,0.33327797055244446,0.34090083837509155
PAM4,6,2.0,0.3302135467529297,0.33291104435920715,0.3368755280971527
PAM4,6,4.0,0.333988755941391,0.3324018120765686,0.3336094617843628
PAM4,6,6.0,0.33560511469841003,0.3319811224937439,0.3324139416217804
PAM4,6,8.0,0.33530327677726746,0.33203914761543274,0.33265745639801025
PAM4,6,10.0,0.335947185754776,0.33209750056266785,0.3319553732872009
PAM4,6,12.0,0.33735454082489014,0.3319839835166931,0.3306616246700287
PAM4,6,14.0,0.336700975894928,0.3320213556289673,0.33127740025520325
PAM4,6,16.0,0.33755728602409363,0.3320268988609314,0.330415815114975
PAM4,6,18.0,0.33678168058395386,0.3320634365081787,0.33115482330322266
QAM16,7,-6.0,0.3379659950733185,0.33376529812812805,0.328268826007843
QAM16,7,-4.0,0.3257807791233063,0.33778858184814453,0.33643069863319397
QAM16,7,-2.0,0.32131317257881165,0.33860278129577637,0.34008410573005676
QAM16,7,0.0,0.3209334909915924,0.3384867012500763,0.3405799865722656
QAM16,7,2.0,0.32274189591407776,0.33870038390159607,0.33855751156806946
QAM16,7,4.0,0.3244932293891907,0.3387640714645386,0.3367428481578827
QAM16,7,6.0,0.3262624442577362,0.33865588903427124,0.33508166670799255
QAM16,7,8.0,0.32559719681739807,0.3388240337371826,0.3355787992477417
QAM16,7,10.0,0.3269146978855133,0.33874890208244324,0.33433645963668823
QAM16,7,12.0,0.32956671714782715,0.3380533456802368,0.3323797881603241
QAM16,7,14.0,0.3289846181869507,0.33824244141578674,0.332772821187973
QAM16,7,16.0,0.3279920518398285,0.33844393491744995,0.33356398344039917
QAM16,7,18.0,0.32888633012771606,0.33832722902297974,0.3327862024307251
QAM64,8,-6.0,0.3206482231616974,0.3375796973705292,0.3417719900608063
QAM64,8,-4.0,0.3210958242416382,0.33724117279052734,0.34166285395622253
QAM64,8,-2.0,0.32334068417549133,0.3364368677139282,0.3402225375175476
QAM64,8,0.0,0.3258863091468811,0.3360806703567505,0.33803310990333557
QAM64,8,2.0,0.32642537355422974,0.33610987663269043,0.3374647796154022
QAM64,8,4.0,0.3275429904460907,0.3357734978199005,0.3366834223270416
QAM64,8,6.0,0.3287883400917053,0.33560121059417725,0.3356103003025055
QAM64,8,8.0,0.32870644330978394,0.33558204770088196,0.3357115685939789
QAM64,8,10.0,0.3291241526603699,0.3357023596763611,0.33517348766326904
QAM64,8,12.0,0.3294638693332672,0.3355739712715149,0.3349621891975403
QAM64,8,14.0,0.32936713099479675,0.3356741964817047,0.3349585235118866
QAM64,8,16.0,0.32881370186805725,0.3357042670249939,0.33548206090927124
QAM64,8,18.0,0.3276406228542328,0.3360031843185425,0.33635619282722473
QPSK,9,-6.0,0.3293684124946594,0.33294564485549927,0.3376859724521637
QPSK,9,-4.0,0.3303212821483612,0.3324238955974579,0.3372548222541809
QPSK,9,-2.0,0.3383985459804535,0.332876980304718,0.3287242650985718
QPSK,9,0.0,0.3468329608440399,0.33438313007354736,0.3187841475009918
QPSK,9,2.0,0.35538700222969055,0.3349727988243103,0.30964013934135437
QPSK,9,4.0,0.35662519931793213,0.33517318964004517,0.3082016408443451
QPSK,9,6.0,0.35524043440818787,0.3356603980064392,0.3090989887714386
QPSK,9,8.0,0.3552550971508026,0.3358668088912964,0.30887818336486816
QPSK,9,10.0,0.35346993803977966,0.33643031120300293,0.3100995421409607
QPSK,9,12.0,0.35405755043029785,0.3359505832195282,0.3099919557571411
QPSK,9,14.0,0.35384681820869446,0.3362495005130768,0.3099035918712616
QPSK,9,16.0,0.35352233052253723,0.3363468050956726,0.310130774974823
QPSK,9,18.0,0.3533409833908081,0.33637458086013794,0.31028440594673157
WBFM,10,-6.0,0.33619073033332825,0.3254646360874176,0.33834460377693176
WBFM,10,-4.0,0.3313096761703491,0.32678309082984924,0.3419071435928345
WBFM,10,-2.0,0.3329581916332245,0.3262270390987396,0.34081462025642395
WBFM,10,0.0,0.33615565299987793,0.3259370028972626,0.3379073441028595
WBFM,10,2.0,0.33581870794296265,0.3258086144924164,0.33837267756462097
WBFM,10,4.0,0.3358686566352844,0.3260289430618286,0.33810222148895264
WBFM,10,6.0,0.33453378081321716,0.3265441060066223,0.3389219641685486
WBFM,10,8.0,0.33414217829704285,0.3267287015914917,0.3391290009021759
WBFM,10,10.0,0.33361998200416565,0.3271317183971405,0.33924829959869385
WBFM,10,12.0,0.3342621624469757,0.32705390453338623,0.3386838436126709
WBFM,10,14.0,0.33501189947128296,0.32716310024261475,0.33782491087913513
WBFM,10,16.0,0.33545395731925964,0.3273051977157593,0.33724120259284973
WBFM,10,18.0,0.3359348773956299,0.3276096284389496,0.33645591139793396
